<?xml version="1.0" encoding="UTF-8"?>
<jcr:root xmlns:sling="http://sling.apache.org/jcr/sling/1.0" xmlns:cq="http://www.day.com/jcr/cq/1.0" xmlns:jcr="http://www.jcp.org/jcr/1.0" xmlns:nt="http://www.jcp.org/jcr/nt/1.0"
    jcr:primaryType="cq:Page">
    <jcr:content
        cq:lastModified="{Date}2018-06-15T09:32:05.028-04:00"
        cq:lastModifiedBy="admin"
        cq:template="/apps/sample-zoo-spa-angular2/@mirror/templates/page/generic"
        jcr:primaryType="cq:PageContent"
        jcr:title="Zoo SPA Angular 2"
        sling:resourceType="sample-zoo-spa-angular2/@mirror/components/page/generic">
        <cards jcr:primaryType="nt:unstructured">
            <box0
                jcr:lastModified="{Date}2018-06-15T09:29:23.746-04:00"
                jcr:lastModifiedBy="admin"
                jcr:primaryType="nt:unstructured"
                sling:resourceType="web-components/card-box"
                description="Other description  2"
                filePath="/content/sample-zoo-spa-angular2/webcomponent/jcr:content/cards/box0/image/file"
                title="Title">
                <image
                    jcr:lastModified="{Date}2018-06-15T09:29:23.746-04:00"
                    jcr:lastModifiedBy="admin"
                    jcr:primaryType="nt:unstructured"
                    sling:resourceType="foundation/components/image"
                    filePath="/content/dam/projects/media/cover"
                    imageRotate="0">
                    <file/>
                </image>
            </box0>
            <box1
                jcr:lastModified="{Date}2018-06-15T06:55:50.590-04:00"
                jcr:lastModifiedBy="admin"
                jcr:primaryType="nt:unstructured"
                sling:resourceType="foundation/components/image"
                description="new one"
                filePath="/content/dam/projects/gov/cover"
                title="new one">
                <image
                    jcr:lastModified="{Date}2018-06-15T06:55:50.590-04:00"
                    jcr:lastModifiedBy="admin"
                    jcr:primaryType="nt:unstructured"
                    sling:resourceType="foundation/components/image"
                    filePath="/content/dam/projects/gov/cover"
                    fileReference="/content/dam/projects/gov/cover"
                    imageRotate="0"/>
            </box1>
        </cards>
        <par
            jcr:primaryType="nt:unstructured"
            sling:resourceType="foundation/components/parsys">
            <card_box
                jcr:created="{Date}2018-06-15T09:31:49.138-04:00"
                jcr:createdBy="admin"
                jcr:lastModified="{Date}2018-06-15T09:32:04.773-04:00"
                jcr:lastModifiedBy="admin"
                jcr:primaryType="nt:unstructured"
                sling:resourceType="web-components/card-box"
                description="World"
                filePath="/content/sample-zoo-spa-angular2/webcomponent/jcr:content/par/card_box/image/file"
                title="Hello">
                <image
                    jcr:lastModified="{Date}2018-06-15T09:32:04.773-04:00"
                    jcr:lastModifiedBy="admin"
                    jcr:primaryType="nt:unstructured"
                    sling:resourceType="foundation/components/image"
                    imageRotate="0">
                    <file/>
                </image>
            </card_box>
        </par>
    </jcr:content>
</jcr:root>
