<?xml version="1.0" encoding="UTF-8"?>
<jcr:root xmlns:sling="http://sling.apache.org/jcr/sling/1.0" xmlns:cq="http://www.day.com/jcr/cq/1.0" xmlns:jcr="http://www.jcp.org/jcr/1.0" xmlns:nt="http://www.jcp.org/jcr/nt/1.0"
    jcr:primaryType="cq:Page">
    <jcr:content
        cq:lastModified="{Date}2017-06-21T12:46:24.777-04:00"
        cq:lastModifiedBy="admin"
        cq:template="/apps/sample-zoo-spa-angular2/@mirror/templates/page/generic"
        jcr:primaryType="cq:PageContent"
        jcr:title="Zoo SPA Angular 2"
        sling:resourceType="sample-zoo-spa-angular2/@mirror/components/page/generic"
        aesr.mirror.url="/aquatic">
        <links jcr:primaryType="nt:unstructured">
            <link0
                jcr:lastModified="{Date}2017-06-21T12:46:19.195-04:00"
                jcr:lastModifiedBy="admin"
                jcr:primaryType="nt:unstructured"
                sling:resourceType="sample-zoo-spa-angular2/components/common/linkbutton"
                href="/index"
                text="Homepage"/>
            <link1
                jcr:lastModified="{Date}2017-06-21T12:07:58.396-04:00"
                jcr:lastModifiedBy="admin"
                jcr:primaryType="nt:unstructured"
                sling:resourceType="sample-zoo-spa-angular2/components/common/linkbutton"
                href="/terrestrial"
                text="See Terrestrial"/>
        </links>
        <cards jcr:primaryType="nt:unstructured">
            <animal0
                jcr:lastModified="{Date}2017-06-21T12:46:13.812-04:00"
                jcr:lastModifiedBy="admin"
                jcr:primaryType="nt:unstructured"
                sling:resourceType="sample-zoo-spa-angular2/components/common/animalcard"
                description="&lt;p>Turtle description&lt;/p>&#xa;"
                title="Turtle">
                <image
                    jcr:lastModified="{Date}2017-06-21T12:46:13.812-04:00"
                    jcr:lastModifiedBy="admin"
                    jcr:primaryType="nt:unstructured"
                    sling:resourceType="foundation/components/image"
                    filePath="/content/sample-zoo-spa-angular2/aquatic/jcr:content/cards/animal0/image/file"
                    imageRotate="0">
                    <file/>
                </image>
            </animal0>
            <animal1
                jcr:lastModified="{Date}2017-06-21T12:07:34.083-04:00"
                jcr:lastModifiedBy="admin"
                jcr:primaryType="nt:unstructured"
                sling:resourceType="sample-zoo-spa-angular2/components/common/animalcard"
                description="&lt;p>Dolphin description&lt;/p>&#xa;"
                title="Dolphin">
                <image
                    jcr:lastModified="{Date}2017-06-21T12:07:34.083-04:00"
                    jcr:lastModifiedBy="admin"
                    jcr:primaryType="nt:unstructured"
                    sling:resourceType="foundation/components/image"
                    filePath="/content/sample-zoo-spa-angular2/aquatic/jcr:content/cards/animal1/image/file"
                    imageRotate="0">
                    <file/>
                </image>
            </animal1>
        </cards>
    </jcr:content>
</jcr:root>
