<?xml version="1.0" encoding="UTF-8"?>
<jcr:root xmlns:sling="http://sling.apache.org/jcr/sling/1.0" xmlns:cq="http://www.day.com/jcr/cq/1.0" xmlns:jcr="http://www.jcp.org/jcr/1.0" xmlns:nt="http://www.jcp.org/jcr/nt/1.0"
    jcr:primaryType="cq:Page">
    <jcr:content
        cq:lastModified="{Date}2018-08-19T13:24:27.609-05:00"
        cq:lastModifiedBy="admin"
        cq:template="/apps/sample-zoo-spa-angular2/@mirror/templates/page/generic"
        jcr:primaryType="cq:PageContent"
        jcr:title="Zoo SPA Angular 2"
        sling:resourceType="sample-zoo-spa-angular2/@mirror/components/page/generic"
        aesr.mirror.url="/terrestrial">
        <cards jcr:primaryType="nt:unstructured">
            <animal0
                jcr:lastModified="{Date}2018-08-19T13:24:27.555-05:00"
                jcr:lastModifiedBy="admin"
                jcr:primaryType="nt:unstructured"
                sling:resourceType="sample-zoo-spa-angular2/components/common/animalcard"
                description="Panda description&#xd;&#xa;"
                title="Panda">
                <image
                    jcr:lastModified="{Date}2018-08-19T13:24:27.555-05:00"
                    jcr:lastModifiedBy="admin"
                    jcr:primaryType="nt:unstructured"
                    sling:resourceType="foundation/components/image"
                    filePath="/content/sample-zoo-spa-angular2/terrestrial/jcr:content/cards/animal0/image/file"
                    imageRotate="0">
                    <file/>
                </image>
            </animal0>
            <animal1
                jcr:lastModified="{Date}2018-08-19T13:24:20.884-05:00"
                jcr:lastModifiedBy="admin"
                jcr:primaryType="nt:unstructured"
                sling:resourceType="sample-zoo-spa-angular2/components/common/animalcard"
                description="Elephant description&#xd;&#xa;"
                filePath="/content/sample-zoo-spa-angular2/terrestrial/jcr:content/cards/animal1/image/file"
                title="Elephant">
                <image
                    jcr:lastModified="{Date}2018-08-19T13:24:20.884-05:00"
                    jcr:lastModifiedBy="admin"
                    jcr:primaryType="nt:unstructured"
                    sling:resourceType="foundation/components/image"
                    fileName="elephant.png"
                    filePath="/content/sample-zoo-spa-angular2/terrestrial/jcr:content/cards/animal1/image/file">
                    <file/>
                </image>
            </animal1>
        </cards>
        <links jcr:primaryType="nt:unstructured">
            <link0
                jcr:lastModified="{Date}2017-06-21T12:48:39.611-04:00"
                jcr:lastModifiedBy="admin"
                jcr:primaryType="nt:unstructured"
                sling:resourceType="sample-zoo-spa-angular2/components/common/linkbutton"
                href="/index"
                text="Homepage"/>
            <link1
                jcr:lastModified="{Date}2018-08-16T17:45:01.233-04:00"
                jcr:lastModifiedBy="admin"
                jcr:primaryType="nt:unstructured"
                sling:resourceType="sample-zoo-spa-angular2/components/common/linkbutton"
                href="/aquatic"
                text="See Aquatic"/>
        </links>
    </jcr:content>
</jcr:root>
