<?xml version="1.0" encoding="UTF-8"?>
<jcr:root xmlns:sling="http://sling.apache.org/jcr/sling/1.0" xmlns:cq="http://www.day.com/jcr/cq/1.0" xmlns:jcr="http://www.jcp.org/jcr/1.0" xmlns:nt="http://www.jcp.org/jcr/nt/1.0"
    jcr:primaryType="cq:Page">
    <jcr:content
        cq:lastModified="{Date}2017-05-01T14:49:28.329-04:00"
        cq:lastModifiedBy="admin"
        cq:template="/apps/rapid-projects/sample-zoo-spa-angular2/templates/page/generic"
        jcr:primaryType="cq:PageContent"
        jcr:title="ProjSeed"
        sling:resourceType="rapid-projects/sample-zoo-spa-angular2/components/page/generic"
        aesr.project.url="/terrestrial">
        <cards jcr:primaryType="nt:unstructured">
            <card0
                jcr:lastModified="{Date}2017-05-01T13:30:31.386-04:00"
                jcr:lastModifiedBy="admin"
                jcr:primaryType="nt:unstructured"
                sling:resourceType="rapid-projects/sample-zoo-spa-angular2/components/common/animalcard"
                description="&lt;p>Panda description&lt;/p>&#xa;"
                title="Panda">
                <image
                    jcr:lastModified="{Date}2017-05-01T13:30:31.386-04:00"
                    jcr:lastModifiedBy="admin"
                    jcr:primaryType="nt:unstructured"
                    sling:resourceType="foundation/components/image"
                    filePath="/content/rapid/sample-zoo-spa-angular2/terrestrial/jcr:content/cards/card0/image/file"
                    imageRotate="0">
                    <file/>
                </image>
            </card0>
            <card1
                jcr:lastModified="{Date}2017-03-12T20:57:19.851-04:00"
                jcr:lastModifiedBy="admin"
                jcr:primaryType="nt:unstructured"
                sling:resourceType="rapid-projects/sample-zoo-spa-angular2/components/common/animalcard"
                description="&lt;p>Elephant description&lt;/p>&#xa;"
                title="Elephant">
                <image
                    jcr:lastModified="{Date}2017-03-12T20:57:19.851-04:00"
                    jcr:lastModifiedBy="admin"
                    jcr:primaryType="nt:unstructured"
                    sling:resourceType="foundation/components/image"
                    filePath="/content/rapid/sample-zoo-spa-angular2/terrestrial/jcr:content/cards/card1/image/file"
                    imageRotate="0">
                    <file/>
                </image>
            </card1>
        </cards>
        <links jcr:primaryType="nt:unstructured">
            <link0
                jcr:lastModified="{Date}2017-03-07T22:56:25.341-05:00"
                jcr:lastModifiedBy="admin"
                jcr:primaryType="nt:unstructured"
                sling:resourceType="rapid-projects/sample-zoo-spa-angular2/components/common/linkbutton"
                href="/aquatic"
                text="Aquatic"/>
            <link1
                jcr:lastModified="{Date}2017-05-01T14:49:28.326-04:00"
                jcr:lastModifiedBy="admin"
                jcr:primaryType="nt:unstructured"
                sling:resourceType="rapid-projects/sample-zoo-spa-angular2/components/common/linkbutton"
                href="/index"
                text="Homepage"/>
        </links>
        <zoo-description
            jcr:primaryType="nt:unstructured"
            sling:resourceType="foundation/components/text"
            text="Please provide a description"
            textIsRich="{Boolean}true"/>
    </jcr:content>
</jcr:root>
